image,regions
33331ef7-02fe-4d53-a1c2-19940d128b49.jpg,"[{""bbox"": [1213, 350, 2052, 530], ""type"": ""handwritten"", ""text"": ""Магія голосу.""}, {""bbox"": [395, 600, 900, 750], ""type"": ""formula"", ""text"": ""E = mc^2""}]"
1f7e87e1-0fe9-47a8-be81-ee4d109e74a0.jpg,[]
26db9d85-0974-483b-b53e-0a2cff4f30c5.jpg,[]
3bc2244f-ea4a-4c1e-86bf-defa0f11402f.jpg,[]
272b57f4-1fc7-4cf8-97af-7fe575fbf601.jpg,[]
c5b345be-9365-4caa-bf71-7c89fc6d48f0.jpg,[]
0bb6a86a-b5a1-4e68-97eb-a1f503c040d9.jpg,[]
27067f3f-09db-45ff-b654-1d183398076c.jpg,[]
baa8fd98-2332-4390-944e-f0847409251f.jpg,[]
00829c22-1e80-4e13-a395-3f9d8b088f7d.jpg,[]
4438131a-dcaf-4bcb-ad17-1ad32af9a9aa.jpg,[]
0c6d05a0-bc4a-4640-80d0-4639da07c382.jpg,[]
25849906-8ae6-4b9d-8dca-8c298e9d00a7.jpg,[]
176081e8-907f-4bd3-b881-5cc2052cde31.jpg,[]
1d4953af-c8e6-4095-b58a-b2bc9f26a415.jpg,[]
b106dc0f-0ab9-487c-b86d-4c51e91c802c.jpg,[]
ff56b7f0-be49-469d-97c6-32af486c8f6c.jpg,[]
2efee78e-0580-4604-b0b1-fa084de91814.jpg,[]
0316ef50-0619-485b-9144-51f92b343dbf.jpg,[]
1d83146e-892d-41d2-a8bb-1aa67a4e1cd4.jpg,[]
45ee8701-c383-467c-a765-cb61fcefad03.jpg,[]
0d5f90e2-3f58-4aee-ac5e-1577a42392dd.jpg,[]
095598e0-a443-4e8b-a567-e03b889d2d61.jpg,[]
0c185e35-0fe4-4682-b6b7-dbb2fc9521e7.jpg,[]
002b94ef-e000-4e76-bc7e-7846166bc806.jpg,[]
18729e79-2f24-4db6-ba11-39d5650a2e68.jpg,[]
25bababa-7207-425a-93bb-a7c95856ba42.jpg,[]
54d24772-90a7-4ac2-8e6c-6122fc113764.jpg,[]
373c7720-1c00-4ea9-874f-5486bdb46879.jpg,[]
1a25dd59-a5ea-48dc-a5b1-bad49ee8d4e0.jpg,[]
3a2f413e-5251-4be1-b39a-85029cea053c.jpg,[]
43b38c7c-f913-406d-a267-b9ef9529b9ca.jpg,[]
3b4990e0-d71c-4e12-a083-a306730eb52b.jpg,[]
3f8d8f92-c06b-4dea-a648-ad9593ece94e.jpg,[]
24127c01-a407-45e6-af73-02562354378c.jpg,[]
0207523a-9012-42d9-9533-e960eae7f4e0.jpg,[]
331ab90e-daef-42a7-b577-f761b052d663.jpg,[]
158dffcf-d9ef-4c75-9081-22414baed387.jpg,[]
12113942-a50f-4d2c-b731-d8a8afb0e875.jpg,[]
1dd10944-9049-4ca8-9944-fb83e3d1daeb.jpg,[]
0dd25909-0295-45f0-9c52-c318abb01d41.jpg,[]
1af72a02-665a-41b9-91c7-e031d763fbb2.jpg,[]
382c3795-d27c-4e20-a6f4-3704045a9c19.jpg,[]
2930d9df-572f-4514-802d-bd13be6d0003.jpg,[]
11fa2396-a758-4153-896f-0f18b14b4874.jpg,[]
2ab689ce-5a01-4285-aacf-f48a680fe422.jpg,[]
0d663978-be4a-4860-9685-1bb0aa5802e2.jpg,[]
2a9a0fa6-30af-45d8-8fde-8eccfda9af19.jpg,[]
01e7254a-cda3-4e9f-82ae-f0db5e3ec0a3.jpg,[]
e6523c4f-32ab-4b30-a2e9-3e73b3a33eb1.jpg,[]
5c27cedd-96c8-460d-bb51-ec0343a510f6.jpg,[]
1300b172-ae72-4b09-aa11-17200a26119a.jpg,[]
4c6edec1-59be-405c-a28b-759a52e9788f.jpg,[]
3db56843-9ebc-4f59-b882-266e02182e6e.jpg,[]
c1ee7ed2-5e86-46d1-a69a-6d7f53c8cffb.jpg,[]
0de7d55f-9c74-452d-b277-daac64fcead5.jpg,[]
1341c5bc-0e6e-4830-8634-a10e0228de71.jpg,[]
84226802-42a8-44da-adaf-4e13ed2e4e6f.jpg,[]
2c52754e-ce26-415c-8878-de4bca776ed7.jpg,[]
78b70718-bf5a-4461-b675-3df99398db95.jpg,[]
3908ae7d-5692-4c49-aa2a-5741baf6de47.jpg,[]
0e7d83b5-ed95-4dc9-889d-a5f44dea0fcf.jpg,[]
5676d55d-25d9-465d-ade7-a13809091d7c.jpg,[]
36784a07-53cb-4e89-81e3-9263dc488243.jpg,[]
069c4bf2-1f06-4d67-becf-9bbbd255b347.jpg,[]
00af1ec3-5315-4782-bc61-bf498617e5a2.jpg,[]
1f9d8b95-820b-4309-9307-8e8071c372aa.jpg,[]
2d7ee75e-a401-46bc-b4e8-c536c7ecfd9b.jpg,[]
e143dcbe-86e2-4e00-9049-3ee922c4de02.jpg,[]
2c4689f3-1195-4adc-bf62-8ec3a1b7b339.jpg,[]
422a4acd-4d89-4123-a7c4-1b2919ad2e2f.jpg,[]
5868c5e3-c32e-4463-82fa-98ed082a98b1.jpg,[]
39d587b7-6ea0-42db-8ae4-6c72d70f006b.jpg,[]
202ff567-7604-4950-a149-97b0ba73f971.jpg,[]
01b6409c-9e0f-4b10-b79d-61c548d999c8.jpg,[]
029de491-d8ee-4fb8-a689-cbfdb14c1f8a.jpg,[]
3403933d-c115-4371-9368-f9b6c0c6020e.jpg,[]
af7e09e3-ef68-41ff-b630-889bebb0930e.jpg,[]
06623e41-7d44-4d16-8318-07ed6e8414d1.jpg,[]
2c0ef89b-07e4-45f8-9bdc-81360d08de8c.jpg,[]
1c8cc545-241f-4da1-b46b-429064fc9f13.jpg,[]
1b8832df-3748-4cc3-9f7d-11fa1880106e.jpg,[]
45daa6c5-4824-4285-9fe0-05b6a8c2623c.jpg,[]
45515516-f7a4-4786-8406-804809b93eaa.jpg,[]
517b4763-7769-4fce-a52b-20d62eff28e7.jpg,[]
0e12b373-fea2-4b95-af05-85a2bdee3235.jpg,[]
2c52e21f-f145-4e1e-ae0e-f44e3769a8d0.jpg,[]
18695f3c-c4dc-4427-9e10-7c77b2684ecf.jpg,[]
45afc1f5-c3ce-4d22-a9c7-c7e1369662c2.jpg,[]
093acb37-3606-4e0b-90b5-09bddd661111.jpg,[]
2290b0a6-82f3-4443-b19b-68f7fc82f8ae.jpg,[]
3c29b80c-3ece-4a81-abae-3a396b16abcd.jpg,[]
173db2f4-bc3a-446b-90aa-27d00caa9e1a.jpg,[]
0341e0e1-a15e-4c05-9492-112a1fdba233.jpg,[]
377e3119-9473-4695-aed1-c9a56c9bee8b.jpg,[]
2e216d29-29f6-49de-837c-42d4400e5389.jpg,[]
364474eb-bc10-482f-82c3-503b8c1ff194.jpg,[]
2c17848f-8fe2-4ed4-abf3-8705a4603384.jpg,[]
34f945c0-7e77-4309-92ea-59975b0798d4.jpg,[]
8d61156d-be9d-43a5-82b8-8ac68bb0c74f.jpg,[]
25482213-5d8f-40f3-bf91-a7931d78381e.jpg,[]
0202d8d0-d9a3-4d25-a041-90f5720f3f51.jpg,[]
fce05c45-288c-4d18-8295-915d47df76f3.jpg,[]
904249d2-3ecc-481c-94f8-bdb2ce82906b.jpg,[]
a00aaa25-cf3d-465a-83e6-47ce6a4b8335.jpg,[]
576ee645-4900-488f-a03f-cc7364400641.jpg,[]
9800f213-24fb-4371-b3b5-966fc35852ac.jpg,[]
5d4e5854-bc1e-466e-a379-cde3d42b50e5.jpg,[]
4224b634-df40-4424-ae3d-2dc7adfba528.jpg,[]
ae5d47a3-be52-4281-bc01-9a5e3e8ebbb6.jpg,[]
683ff306-c9f9-407e-a540-ae4a72a3cd70.jpg,[]
a3bb9da7-0992-4b39-a38d-9344401cd3b3.jpg,[]
d6ee6e8f-27dd-4745-9efe-16b55a611a0d.jpg,[]
12f1756c-9f50-473a-8299-b46f0102d032.jpg,[]
0f30872e-56cd-43d4-a77c-6d9fbd129f6f.jpg,[]
d2569788-c35a-40de-afaf-ab97287dba27.jpg,[]
bb053620-9fa4-49b0-8373-087167e5298f.jpg,[]
ac07749a-9930-4174-b5f0-0655c407315c.jpg,[]
484b4963-1d6d-4766-9057-954bda8a6118.jpg,[]
27855adb-b372-4d01-a0c3-9dc209e9c93b.jpg,[]
45ec9864-4bd9-449c-af80-e21992519461.jpg,[]
86625e72-e149-415a-b51e-cbe1bd7dd644.jpg,[]
cea7015f-1269-425a-a1a2-54c960e110ef.jpg,[]
a3249f26-b8fe-4d17-92e2-1605fdc9d262.jpg,[]
c94df7ee-3e0b-41c6-a627-d92be88d877b.jpg,[]
dccde180-6dc4-4224-a441-aaecf30faf06.jpg,[]
9f6a6e8e-7baf-4144-b35d-62d69ac7f935.jpg,[]
607c9477-058c-48ff-beca-330836b5ce60.jpg,[]
555d4776-eb89-43fb-9090-f8b625d6c42b.jpg,[]
028298e9-4d7f-4f77-ada6-f9f0ca7a305e.jpg,[]
732aa69b-d029-41ff-9cc5-3b01080f92cf.jpg,[]
f14bd99f-f4c6-4104-a8cb-7c7cc4885c9c.jpg,[]
48b5044b-0ce6-4bb9-813a-8443a9b8b6a1.jpg,[]
15c9fa9d-bd4c-42bb-a928-89ca886d0595.jpg,[]
905fe63b-de06-4844-b5cf-d67f29821de4.jpg,[]
305f4f1b-8ba5-4a9b-9450-0e1a5042eadc.jpg,[]
437d82cf-a0c3-4620-8211-90f673f51ed2.jpg,[]
e515c8d8-423f-42c1-b997-c7a0a99841c3.jpg,[]
767e5b52-5a16-42b7-ac64-d385d4660ef2.jpg,[]
eba13384-0d28-4bf2-8960-f17486a092d5.jpg,[]
9d62d10c-3025-4b9e-b9e7-2687ad48ae89.jpg,[]
f6861ae8-6d76-4447-9d5a-8e44aba358f1.jpg,[]
a94167ad-158d-43ff-a302-ac46f8f9f9c7.jpg,[]
fbed49f9-9e72-4352-9b7e-d7f01ab3b81f.jpg,[]
999d1ccb-4f0b-42b5-92fe-a0c29b0541a9.jpg,[]
f757d160-e61a-4d01-b13b-efa11f1df4de.jpg,[]
11d1616a-bad6-4f2c-8a1a-42dcc6f335c4.jpg,[]
6c0e528e-f37f-4a88-932d-d36d870582c5.jpg,[]
80819b77-4801-4050-a586-272a1745f6bc.jpg,[]
fd7bfd8d-ee6e-4c40-9a7a-e0077e6b0d3e.jpg,[]
26c766e1-81f4-4b88-b03f-9ba1d71190e5.jpg,[]
26479da6-9ab4-46e7-b38a-bacbd3b9f094.jpg,[]
35d3aafe-680d-495b-ac73-c02c3982d096.jpg,[]
1d4a28f7-d9f8-4bf1-9f62-5b9a62bd0d39.jpg,[]
7e6a6ceb-632c-4862-8ca3-a06ed6f51891.jpg,[]
0eba8f38-64bb-4c0e-a28c-61572efb7b10.jpg,[]
331635e6-a19f-40e0-9898-d550f24170be.jpg,[]
56d2fff8-7789-436a-bde0-66572f6198a7.jpg,[]
03edb2e3-11b4-4b45-98c8-45ce1936cf83.jpg,[]
134b0c22-9958-4f48-8349-f30862a83209.jpg,[]
e0e8c060-88c6-443d-90b3-79b1aa3da848.jpg,[]
65b3b7b6-9db2-4a89-bd82-30cc6842318e.jpg,[]
0425cda8-0aef-4c01-a241-1c66e73a2153.jpg,[]
64722ae2-0be0-4440-8eb3-c8e5fadb12fd.jpg,[]
188c50b7-b537-42cf-b0bc-b336780d0710.jpg,[]
4f624032-aeb4-48f6-a773-7e82c872f981.jpg,[]
27ef34c2-c89a-4117-9e6a-b497c961735c.jpg,[]
068ff756-0ff6-43d4-b6c4-bce168837290.jpg,[]
4a02ea8b-1756-4ed4-92e2-e72e642e9ed9.jpg,[]
2cd6b7b0-e0b1-4459-b39f-1dda4134fb57.jpg,[]
f80fca6e-954a-4de1-ac05-465b0b925fb8.jpg,[]
9d61eae3-3d2e-483e-9e77-a2d0941e2125.jpg,[]
a727ba9c-9beb-4f9e-81fd-67cf74fc5069.jpg,[]
26b25869-e0e6-486e-a7bd-ebe8433cc1ae.jpg,[]
19b47e1f-1439-4c6d-84e3-762aae6ec1f1.jpg,[]
8c457781-c5c3-4648-90d3-22c5c95d2abf.jpg,[]
4fd37fb0-ca93-47fd-b836-5f2ca7d77a5d.jpg,[]
8f730993-8a0f-436f-b56a-e710851adad4.jpg,[]
1b9c2bc8-98cf-46e8-8e05-70821257960b.jpg,[]
9b304475-d1b1-4b51-8eb1-31f06e0c968f.jpg,[]
0aa00698-470c-4193-9b38-4dfa1fc11adb.jpg,[]
07018594-65ad-4879-b7ee-bf0bbcc609a6.jpg,[]
121aa35c-0b20-48d9-8a3f-d8bef3b9cbf6.jpg,[]
1f6e5a65-089f-4135-a20a-c72aaa4747eb.jpg,[]
8f883660-a534-4b7a-aca8-18b7fc97bf90.jpg,[]
1d50d7b6-f5a7-4b32-86c7-65c7e965f800.jpg,[]
45680c81-ad49-4bd5-90cf-fe5305d7300f.jpg,[]
630393d4-b357-4251-bb2f-6d6fb3499c3f.jpg,[]
04cf4a71-95e9-442b-8b09-ffbba912e1e9.jpg,[]
b95befcb-d245-4e81-afa6-6f3aedda8639.jpg,[]
1642dd31-e018-441a-97ee-3b9a619798ed.jpg,[]
371b0d30-9363-4656-b752-8976d42098cd.jpg,[]
0fd11bc7-a7c8-4767-9b72-26a4a9ce23a0.jpg,[]
c7f47b50-f77b-419f-9e95-029d0b5e106e.jpg,[]
7a57be4d-b57a-428b-b271-d142f87d9173.jpg,[]
a54bea3f-86b5-42f9-802d-46a818434a8c.jpg,[]
0c3a5c00-b135-48c0-9f46-a3d152c68e2e.jpg,[]
a3a2c459-f895-4f74-825b-2cb11cc0c8c5.jpg,[]
7c4f5130-ca60-48c7-85e4-096c8de64ed2.jpg,[]
99680234-73e0-4696-a6b1-44f884eb9dec.jpg,[]
17fd976f-8a79-4d74-a066-61bdb02a3afb.jpg,[]
a5e31da0-5af9-490a-9940-4eb01af25b76.jpg,[]
fa4261aa-fe04-40d4-9204-94332941c598.jpg,[]
455e22e3-0ac0-492f-a969-35c5bdce3853.jpg,[]
bb140be9-a6d3-4eb8-8d79-7d83194b77c1.jpg,[]
f1df90d1-a5c8-4ef4-8a37-568c1484bd3f.jpg,[]
4beaadf9-1007-4233-99be-d72fa5f2e6fa.jpg,[]
d838b5f7-0346-4e74-9c26-243a4441ac00.jpg,[]
085cede2-f64a-4ce5-b12a-89edde06ce9d.jpg,[]
75d41fe1-2946-4e13-b966-f44cbc7818fc.jpg,[]
140b17cd-461e-4ee6-bf04-4b822997e247.jpg,[]
1646ae0b-5f44-4cc3-84fa-5a14cf09be3e.jpg,[]
22cd3c93-0e4f-47f3-9607-2ea577f8f78c.jpg,[]
23a5880a-b005-4c52-bbde-7188f01e46fb.jpg,[]
23a8e4cb-50b6-47ed-b754-4bb18e8cda29.jpg,[]
07855b12-5b9f-43b6-ac01-036b879c0a7a.jpg,[]
24f7d274-b6ce-4495-939f-9528a1fe42f4.jpg,[]
12051900-9032-4631-bcfc-fce24e43e5d8.jpg,[]
11d27c9c-9ba2-49af-8155-b6457478e75b.jpg,[]
d16b3f01-c26c-485c-ad8a-8df1058841c7.jpg,[]
658ab1b3-78f1-4f61-8e03-126556558f3e.jpg,[]
26112b81-a0b5-4337-924a-a527fec99c42.jpg,[]
3a04e16a-c8d5-4a58-a5a8-b8774ffc32be.jpg,[]
5e1e1311-7f17-44d7-bc83-59e46351864e.jpg,[]
0b7cdc2a-76d6-4db5-933b-d677aaf54448.jpg,[]
c4e15ad4-9be3-4086-98f1-cd26527f1a46.jpg,[]
ceef6cbf-ec28-4199-9da5-4203d32240ff.jpg,[]
4550bab7-a843-4cf1-ba33-b175583e42ab.jpg,[]
9c501e68-52e7-4f47-84a3-551a59f5db09.jpg,[]
43d640f2-5e17-4019-89e3-e4fdec84fd30.jpg,[]
612f55d0-2d4e-4609-abc3-067c85459e44.jpg,[]
224b1921-dc40-427b-a87d-44816cc96bab.jpg,[]
66b9b5aa-1b36-4adc-9312-6c36328421c0.jpg,[]
1f0c78f3-41af-49bc-85fc-4640533cb6f8.jpg,[]
046af991-93eb-4357-9638-7748c7a5c413.jpg,[]
99909bbb-7c5c-4876-bd37-17a0cf4db3e3.jpg,[]
08072687-8a58-407d-9dff-8086728d04f6.jpg,[]
7e8eb75e-9a97-406d-afdf-64579f381bb9.jpg,[]
6715d395-b045-4401-8e97-03b97582a825.jpg,[]
151eddb2-dedf-4ab3-a536-a47483708b8b.jpg,[]
f226ebaf-5816-4af8-9cc8-0dc76b195291.jpg,[]
3750514a-eb49-460f-8b56-64b3cea0443f.jpg,[]
0b090a2b-d45b-4ffe-a338-8e6c276b6ab6.jpg,[]
0e0c130a-605d-4a1d-8b04-0ba81f744790.jpg,[]
c64acc82-2a8e-49ad-a055-0ad21f1f75cd.jpg,[]
6bb9e272-5066-4753-98fb-e81a817ce158.jpg,[]
1bf0c1cd-effe-49cb-899c-0b1af6dccff4.jpg,[]
20bfbef3-798c-4b69-ace9-dc8850e8dbc3.jpg,[]
306a30ef-da46-49d0-b8b3-8ffb24871d90.jpg,[]
4f6c66bf-dbae-4a85-815d-20616f72fb0f.jpg,[]
097e615e-6a67-4dfc-8a8d-8e8ebb809fcc.jpg,[]
a914f701-50a1-48ed-9cbe-30cb0dbbb4a8.jpg,[]
748081fc-fc3c-4fe5-ba1e-07777007a2b4.jpg,[]
f76d6d95-5396-4857-9321-ab3c1844f474.jpg,[]
010c6dad-2f5d-4e4c-802b-f978a7e1998b.jpg,[]
b85a53be-d739-41ce-91ab-b73ce7e06710.jpg,[]
3f40ba84-b3ae-4b3a-87db-707257a4993a.jpg,[]
1deb4fbf-10bd-489e-b3f3-6b0597a67499.jpg,[]
84fa6920-a410-4191-9e3a-c59eb8a410b5.jpg,[]
a335c475-4299-4ffc-80ed-e032fd0148e3.jpg,[]
c0eae450-5878-4897-bc4d-f9ddd92d4f34.jpg,[]
997b08cc-ead0-4b6a-8f19-ab52789a9244.jpg,[]
80d0aed6-6f29-45f8-aa4c-7a7a8b94cb0f.jpg,[]
0a331d40-206e-4185-bd31-51e369f07578.jpg,[]
e9fa0cd8-b978-4dd4-bd09-44743b29fb40.jpg,[]
185edf0e-7bd8-4e62-8839-0e8d095c4c7c.jpg,[]
535fc980-8fc5-49f9-8332-ddbdec5132ae.jpg,[]
24f70abb-c16d-4368-ab50-8892d269512e.jpg,[]
75e7ac0c-01e1-4392-b287-5e05e0b2c5bb.jpg,[]
40268017-c323-478e-9887-7d204b8b5ee2.jpg,[]
b1e5056d-1acd-410d-b68f-b74a0358d61b.jpg,[]
0414761c-70d3-48f4-ad2d-23b965d67685.jpg,[]
02d9ea31-d60e-40b3-9197-6bbea1d816dc.jpg,[]
057f608d-67ad-42b4-b6bb-7cb75acb1317.jpg,[]
0bfb347f-9b53-4c8d-b971-e7ddc2fe4ea9.jpg,[]
0836598e-1ee3-4093-ac54-71eeea855f7b.jpg,[]
736e2ec6-97ae-4524-8c06-3a1165b7e00b.jpg,[]
1a7d3f8a-9f10-4918-a768-9b5c04caf859.jpg,[]
bcbfd26a-8581-46fd-bfd3-a98d895bc597.jpg,[]
42561928-976b-4afd-8b5d-dbb9bdf5353d.jpg,[]
f42fd8d9-a3a6-477b-8c86-5046ebcf9504.jpg,[]
266c3214-adc6-4caa-95cb-dca7eea5c6bd.jpg,[]
d6b2b7b5-6e5f-4894-bb41-9e04b2e83004.jpg,[]
d1d018f2-566b-49a4-b2e2-de017047a509.jpg,[]
8772d631-a32a-4004-b46b-64fec1300d83.jpg,[]
733c1258-753a-5574-a8bd-1bed77aa09e4.jpg,[]
97183784-6690-5788-8ff1-656dd9cf9d25.jpg,[]
07d8b7fe-beb0-58c8-8fd8-71b863a62225.jpg,[]
9ab6fe9c-604f-5a8f-9122-44fac3a19733.jpg,[]
d28943b8-f79d-5fe2-99f4-9f427c6e34ff.jpg,[]
4574b0a5-fb06-5a4e-a0b2-6b3fe582b9bd.jpg,[]
500996ab-a1ee-55ac-b830-a417bf57a3d2.jpg,[]
ab4a0f63-eb5a-5d60-bc2c-f3e482375cf1.jpg,[]
060d7b29-7c95-55ee-bc57-346ea5c41c10.jpg,[]
5e1ac17d-4acd-5f47-b40b-d829cf1af6a4.jpg,[]
4c5d63d9-1110-531c-b2fa-e93b9bba4121.jpg,[]
1fea3754-fb07-56c3-a574-82c82a7a3ff4.jpg,[]
b96aeccd-7ec1-5b35-b362-c0ab85db07dc.jpg,[]
92107779-a9bb-59ef-80f0-e0b074acbbc5.jpg,[]
defa144a-9bd4-56f5-b951-c23607449449.jpg,[]
052068c9-4ed7-5f3a-8951-c37a606a5af7.jpg,[]
65fd757d-857d-53dc-8c51-f875a2553497.jpg,[]
5eabbc4e-1439-5f92-ab93-bc5416357737.jpg,[]
14fce619-19e9-569d-89ff-6a48c7a4f22b.jpg,[]
dd95254a-5099-5b24-807f-3166bff736af.jpg,[]
f88baa22-9e53-545a-af6c-d6c49ba35657.jpg,[]
1e6f8da7-84bf-516e-a4a7-d1cea06b6526.jpg,[]
99c408e3-b079-5abc-b98e-c2e35de1c25d.jpg,[]
edd41178-78ed-5e89-bf38-d152db0b3e59.jpg,[]
722f3510-1231-5e82-8803-a5bd9658337f.jpg,[]
fed1ee07-03b4-5220-833f-a1e0e0ea8eed.jpg,[]
50df26eb-ecf7-5008-8003-615329dda2cd.jpg,[]
b5209011-6e43-5ee6-893b-ce6869ee3a88.jpg,[]
c3442eb5-e4fe-5eb1-9d7b-cbb1c703a991.jpg,[]
c37cf07d-205a-5e6c-973b-8604785ab9ec.jpg,[]
15b01904-3e29-5816-abc2-574e00458aea.jpg,[]
1857446a-5a5e-53df-9bea-8d439f766b2a.jpg,[]
ebcb201e-e897-53c7-b5f7-5024a33ed378.jpg,[]
435e94ff-044c-52de-b6ba-bdac4f209b67.jpg,[]
5afe97d9-b028-57d3-8d90-5bf34a9dd2aa.jpg,[]
555fde63-5903-5962-8976-d76559248573.jpg,[]
c75a79da-ba0b-5e6f-9d0f-1732e1910456.jpg,[]
cab9e50b-4442-5006-86b3-9fa616fbc1bd.jpg,[]
cab6a855-d6ae-5d1c-a6f2-814bfb4c8c64.jpg,[]
172ded73-72b7-50cd-ac5f-1fb6e90a9496.jpg,[]
83fb89dc-812a-5be8-9405-7847a23e46dc.jpg,[]
f4d6f199-7aee-5419-9a23-131957acc3a6.jpg,[]
c16ac84e-1a17-54a2-a5db-3421e9870ad1.jpg,[]
6440b626-9bee-5f44-9dac-951de7044424.jpg,[]
8fe7dd6d-ec76-538a-a07a-1d30573dbec0.jpg,[]
728d28d0-1c0a-53eb-8cd1-5d2123cf0a90.jpg,[]
eed1b246-adc9-5e9a-9ff8-f4d5122c5552.jpg,[]
2a8a7785-2a06-5b1c-92af-35397c96bdd0.jpg,[]
fbc3669d-f293-51de-9719-8101fde850a9.jpg,[]
b706c539-06b2-5ac9-82cd-ca5b9396ee04.jpg,[]
e69f5074-9919-5692-84c0-dece835711cf.jpg,[]
ef80bd7e-eca7-5bab-9d19-d417a099de80.jpg,[]
251ddee6-e8e2-58a3-91c2-eb4970a2648d.jpg,[]
c0028a37-c5ac-55d5-abd4-011442eae20a.jpg,[]
49d70be4-af77-558b-af69-8ea6386d95fb.jpg,[]
f0070b31-c35d-56ca-8176-27b8d3c7247c.jpg,[]
a6f4e8f6-f124-5d87-8bd6-c29267fa2a37.jpg,[]
b5db1d37-867d-507e-8c9a-2b9d8667ce57.jpg,[]
812989c1-79d3-5672-abb5-7e03cde94288.jpg,[]
7e98a014-ec2d-57bf-991e-7b6ed5b9b67c.jpg,[]
914c4c2f-2353-57dd-bc21-04571ff7d744.jpg,[]
4f057027-68bf-5386-b41f-1f5224e440ab.jpg,[]
b67a07b4-da09-562d-9824-b886eb0b36fa.jpg,[]
7eb51d2e-ee03-5d51-afcd-c7e30f59f19c.jpg,[]
683bd345-fc09-5bf0-8c84-33947ff393cb.jpg,[]
f31dbb7b-1386-560d-9838-c27b7f787456.jpg,[]
8f108fd4-5550-5493-93bd-fc43c53068b4.jpg,[]
eac9632e-5e52-5c5d-bdc2-89e51f84e7b9.jpg,[]
cdba39de-3427-5382-b406-c27a0e52ff63.jpg,[]
3e920349-b25e-5705-8d5c-839aed38f6c2.jpg,[]
12b986a4-7c98-5adb-ad30-4c4e86d4b8cf.jpg,[]
ce81b071-f963-558d-8c2b-ecf490f32658.jpg,[]
012bfc6a-e224-58a6-8b72-b24159292c64.jpg,[]
6166f538-7510-5339-9e1d-e0b583cf449f.jpg,[]
8b0afa40-06bb-5843-8d82-c4dd90e456c1.jpg,[]
2167e4da-6505-5f5d-8520-d6ab360ff9d3.jpg,[]
0ee54300-0c40-5a7f-90bb-7d738e564a76.jpg,[]
2e3b30e8-c613-5716-8403-e41cee116ca4.jpg,[]
db772a33-847f-51ae-9a22-c7bdec85c0d7.jpg,[]
9ea12296-dc93-5cd5-8a84-23d3dc55a6e9.jpg,[]
3f0e94da-d247-523a-9278-1a407a6cc828.jpg,[]
4a021a5c-f436-5381-a993-f042596b6639.jpg,[]
f9051dc0-bd73-5f7a-a09a-48b29e41db80.jpg,[]
b8a1dbdf-e4e5-51a1-8948-b972dd0385b5.jpg,[]
da3bdbcf-6827-5e88-a891-f6818c7938a6.jpg,[]
81bf9ff0-a620-5e25-986f-39391f894cf5.jpg,[]
e260370e-ba23-56b4-ae0c-bfbda66bf49b.jpg,[]
3e441d16-245d-552b-8f44-06206bf42ac7.jpg,[]
011934b4-d919-5000-8c1e-39f96daeba68.jpg,[]
8fd0b710-7b73-5e10-99c1-9c9c7e975390.jpg,[]
1b908b1b-dbb0-563c-bd3d-a0c0b5935ab7.jpg,[]
a3720007-553a-5cbb-9c0b-501605390704.jpg,[]
cb8c96d6-b38e-55af-aa67-083cd8e610f3.jpg,[]
b01c3599-8158-5d02-95d9-969e2031ac38.jpg,[]
2d6d084a-84db-5133-832d-cee551c9cd94.jpg,[]
5413bb7b-6b69-5589-b218-bfeb24d37648.jpg,[]
45fcc1af-e4bb-5932-a521-d73b8cda4427.jpg,[]
4648cf5b-07f4-598a-8778-51c40dc185b4.jpg,[]
108c913f-0a78-5005-adc7-7858d0a3736f.jpg,[]
9fa80aee-0b69-5d03-b811-eee399c13fa4.jpg,[]
